USE academy;
INSERT INTO passports
	(first_name, last_name)
	VALUES
	('Aleksey', 'Ivanov'),
	('Aleksandr', 'Petrov'),
	('Anna', 'Sidorova'),
	('Grigory', 'Popov'),
	('Yury', 'Mihalik'),
	('Mihail', 'Voropaev'),
	('Sergey', 'Zhiglov'),
	('Elena', 'Miroshnik'),
	('Yuliya', 'Kondrashova'),
	('Oksana', 'Rudneva'),
	('Sergey', 'Derevyanko'),
	('Oleg', 'Serov'),
	('Dmytry', 'Svetlov'),
	('Grigory', 'Avilov'),
	('Oleg', 'Popov'),
	('Anatoliy', 'Nesmiyan'),	
	('Semen', 'Fedorov'),
	('Fedor', 'Kozlov'),
	('Evgeniy', 'Simonov'),
	('Konstantin', 'Perec');
INSERT INTO students
	(id_passport, date)
	VALUES
	(1, '2000-01-21'),
	(2, '1999-04-03'),
	(3, '2000-05-31'),
	(4, '1999-02-02'),
	(5, '1999-10-11'),
	(6, '1998-12-01'),
	(7, '1999-07-14'),
	(8, '1999-01-13'),
	(9, '1998-11-14'),
	(10, '1999-05-06'),
	(11, '1999-07-22'),
	(12, '1999-08-05'),
	(13, '1999-06-20'),
	(14, '1999-04-11'),
	(15, '1999-07-14');
INSERT INTO forms
	(name)
	VALUES
	('daytime'),
	('extramural');
INSERT INTO groups
	(name, id_form)
	VALUES
	('rk-17-1', 1),
	('ri-17-1', 1),
	('ri-17-2', 2),
	('rs-17-1', 1);
INSERT INTO students_groups
	(id_student, id_group)
	VALUES
	(1, 1),
	(2, 2),
	(3, 3),
	(4, 4),
	(5, 1),
	(6, 2),
	(7, 3),
	(8, 4),
	(9, 1),
	(10, 2),
	(11, 3),
	(12, 4),
	(13, 1),
	(14, 2),
	(15, 4);
INSERT INTO teachers
	(id_passport)
	VALUES
	(16),
	(17),
	(18),
	(19),
	(20);
INSERT INTO subjects
	(name)
	VALUES
	('Mathematics'),
	('Physics'),
	('Electronics'),
	('Programming Java'),
	('Database'),
	('Chemistry'),
	('Probability theory'),
	('Digital electronics'),
	('Thermal engineering'),
	('Physical Culture');
INSERT INTO subjects_teachers
	(id_subject, id_teacher)
	VALUES
	(1, 1),
	(7, 1),
	(2, 2),
	(9, 2),
	(3, 3),
	(8, 3),
	(4, 4),
	(5, 4),
	(6, 2),
	(1, 4),
	(3, 1),
	(5, 3),
	(10, 5);
INSERT INTO marks
	(id_student, id_group, id_subject, mark, date, id_teacher)
	VALUES
	(1, 1, 1, 4, '2017-01-11', 1),
	(1, 1, 2, 5, '2017-01-13', 2),
	(1, 1, 3, 3, '2017-01-14', 3),
	(1, 1, 6, 4, '2017-01-16', 2),
	(1, 1, 8, 4, '2017-01-12', 3),
	(1, 1, 9, 3, '2017-01-15', 2),
	(1, 1, 10, 4, '2017-01-20', 5),
	(5, 1, 1, 3, '2017-01-11', 1),
	(5, 1, 2, 3, '2017-01-13', 2),
	(5, 1, 3, 3, '2017-01-14', 3),
	(5, 1, 6, 3, '2017-01-16', 2),
	(5, 1, 8, 3, '2017-01-12', 3),
	(5, 1, 9, 3, '2017-01-15', 2),
	(5, 1, 10, 3, '2017-01-20', 5),
	(9, 1, 1, 4, '2017-01-11', 1),
	(9, 1, 2, 5, '2017-01-13', 2),
	(9, 1, 3, 3, '2017-01-14', 3),
	(9, 1, 6, 4, '2017-01-16', 2),
	(9, 1, 8, 3, '2017-01-12', 3),
	(9, 1, 9, 3, '2017-01-15', 2),
	(9, 1, 10, 4, '2017-01-20', 5),
	(13, 1, 1, 4, '2017-01-11', 1),
	(13, 1, 2, 5, '2017-01-13', 2),
	(13, 1, 3, 4, '2017-01-14', 3),
	(13, 1, 6, 5, '2017-01-16', 2),
	(13, 1, 8, 4, '2017-01-12', 3),
	(13, 1, 9, 4, '2017-01-15', 2),
	(13, 1, 10, 3, '2017-01-20', 5),
	(2, 2, 1, 4, '2017-01-11', 1),
	(2, 2, 2, 5, '2017-01-13', 2),
	(2, 2, 3, 4, '2017-01-14', 3),
	(2, 2, 4, 3, '2017-01-17', 4),
	(2, 2, 7, 4, '2017-01-18', 1),
	(2, 2, 8, 5, '2017-01-12', 3),
	(2, 2, 10, 4, '2017-01-20', 5),
	(6, 2, 1, 4, '2017-01-11', 1),
	(6, 2, 2, 4, '2017-01-13', 2),
	(6, 2, 3, 5, '2017-01-14', 3),
	(6, 2, 4, 4, '2017-01-17', 4),
	(6, 2, 7, 4, '2017-01-18', 1),
	(6, 2, 8, 4, '2017-01-12', 3),
	(6, 2, 10, 4, '2017-01-20', 5),
	(10, 2, 1, 4, '2017-01-11', 1),
	(10, 2, 2, 4, '2017-01-13', 2),
	(10, 2, 3, 4, '2017-01-14', 3),
	(10, 2, 4, 4, '2017-01-17', 4),
	(10, 2, 7, 4, '2017-01-18', 1),
	(10, 2, 8, 4, '2017-01-12', 3),
	(10, 2, 10, 4, '2017-01-20', 5),
	(14, 2, 1, 3, '2017-01-11', 1),
	(14, 2, 2, 3, '2017-01-13', 2),
	(14, 2, 3, 4, '2017-01-14', 3),
	(14, 2, 4, 3, '2017-01-17', 4),
	(14, 2, 7, 4, '2017-01-18', 1),
	(14, 2, 8, 4, '2017-01-12', 3),
	(14, 2, 10, 4, '2017-01-20', 5),
	(3, 3, 1, 3, '2017-02-11', 4),
	(3, 3, 2, 5, '2017-02-13', 2),
	(3, 3, 3, 4, '2017-02-14', 1),
	(3, 3, 4, 3, '2017-02-17', 4),
	(3, 3, 7, 3, '2017-02-18', 1),
	(3, 3, 8, 3, '2017-02-12', 3),
	(3, 3, 10, 4, '2017-02-20', 5),
	(7, 3, 1, 3, '2017-02-11', 4),
	(7, 3, 2, 4, '2017-02-13', 2),
	(7, 3, 3, 4, '2017-02-14', 1),
	(7, 3, 4, 4, '2017-02-17', 4),
	(7, 3, 7, 3, '2017-02-18', 1),
	(7, 3, 8, 5, '2017-02-12', 3),
	(7, 3, 10, 4, '2017-02-20', 5),
	(11, 3, 1, 4, '2017-02-11', 4),
	(11, 3, 2, 4, '2017-02-13', 2),
	(11, 3, 3, 4, '2017-02-14', 1),
	(11, 3, 4, 3, '2017-02-17', 4),
	(11, 3, 7, 4, '2017-02-18', 1),
	(11, 3, 8, 3, '2017-02-12', 3),
	(11, 3, 10, 4, '2017-02-20', 5),
	(4, 4, 1, 4, '2017-01-11', 1),
	(4, 4, 2, 5, '2017-01-13', 2),
	(4, 4, 4, 4, '2017-01-17', 4),
	(4, 4, 5, 3, '2017-01-19', 4),
	(4, 4, 7, 4, '2017-01-18', 1),
	(4, 4, 8, 5, '2017-01-12', 3),
	(4, 4, 10, 4, '2017-01-20', 5),
	(8, 4, 1, 5, '2017-01-11', 1),
	(8, 4, 2, 5, '2017-01-13', 2),
	(8, 4, 4, 5, '2017-01-17', 4),
	(8, 4, 5, 5, '2017-01-19', 4),
	(8, 4, 7, 5, '2017-01-18', 1),
	(8, 4, 8, 5, '2017-01-12', 3),
	(8, 4, 10, 5, '2017-01-20', 5),
	(12, 4, 1, 4, '2017-01-11', 1),
	(12, 4, 2, 3, '2017-01-13', 2),
	(12, 4, 4, 5, '2017-01-17', 4),
	(12, 4, 5, 3, '2017-01-19', 4),
	(12, 4, 7, 4, '2017-01-18', 1),
	(12, 4, 8, 3, '2017-01-12', 3),
	(12, 4, 10, 4, '2017-01-20', 5),
	(15, 4, 1, 4, '2017-01-11', 1),
	(15, 4, 2, 5, '2017-01-13', 2),
	(15, 4, 4, 5, '2017-01-17', 4),
	(15, 4, 5, 5, '2017-01-19', 4),
	(15, 4, 7, 4, '2017-01-18', 1),
	(15, 4, 8, 5, '2017-01-12', 3),
	(15, 4, 10, 5, '2017-01-20', 5);